,db_ij,u_ij,en_ij,db_i,db_j,en_i,en_j,n_i,n_j,len_i,len_j,len_ij_ddi,mean(len_ij_ddi),std(len_ij_ddi),class_i,class_j,severity,text,tau,u_i,u_j,gamma_ij,gamma_ji,u_male,u_female,len_ij_ddi_male,len_ij_ddi_female,rank_u,rank_tau,rank_gamma_ij,rank_gamma_ji,rankproduct_gamma,rank_gamma_rp,rankproduct_tau,rank_tau_rp,P(ij),"P(ij,g=M)","P(ij,g=F)",P(ij|g=M),P(ij|g=F),RRI^F,RRI^M
64,DB00338-DB01068,5078,Omeprazole-Clonazepam,DB00338,DB01068,Omeprazole,Clonazepam,32466,24283,970883,1448910,519701,102.343639228,94.9817470512,Gastrointestinal agents,CNS agents,Moderate,Omeprazole increases the effect of benzodiazepine,0.263751891579,27322,14177,0.185857550692,0.358185793892,1204,3874,114408,405293,1,62,10,4,40,3,62,5,0.0382604240442,0.00907159325507,0.0291888307892,0.021878179968,0.0498648474707,2.27920455649,0.43874956162
158,DB00945-DB01050,2117,Acetylsalicylic Acid-Ibuprofen,DB00945,DB01050,ASA,Ibuprofen,16582,7027,531427,158645,112070,52.9381199811,73.8852469911,CNS agents,CNS agents,Major,Ibuprofen reduces ASA cardioprotective effects,0.227060324815,11962,38604,0.176977094131,0.0548388768003,706,1411,35883,76187,2,82,13,34,442,15,164,8,0.0159506336553,0.0053193894004,0.0106312442549,0.0128288995494,0.0181619256018,1.41570409308,0.706362300488
60,DB00335-DB01050,1460,Atenolol-Ibuprofen,DB00335,DB01050,Atenolol,Ibuprofen,12896,4730,411888,109404,79285,54.3047945205,76.6194649114,Cardiovascular agents,CNS agents,Moderate,Risk of inhibition of renal prostaglandins,0.210291686474,7464,38604,0.195605573419,0.0378199150347,400,1060,19837,59448,3,91,8,52,416,14,273,12,0.0110004370037,0.00301381835717,0.00798661864649,0.00726849832825,0.0136439696229,1.87713734071,0.532726070869
157,DB00945-DB01016,1249,Acetylsalicylic Acid-Glyburide,DB00945,DB01016,ASA,Glyburide,8278,7109,263414,240106,176004,140.915932746,123.738124828,CNS agents,Metabolic agents,Moderate,The salicylate increases the effect of sulfonylurea,0.600054412646,11962,2481,0.104413977596,0.503426037888,553,696,79951,96053,4,2,23,2,46,4,8,1,0.00941064782026,0.00416660387878,0.00524404394147,0.0100486989388,0.00895868194105,0.891526554394,1.12167158126
51,DB00321-DB00472,1190,Amitriptyline-Fluoxetine,DB00321,DB00472,Amitriptyline,Fluoxetine,3953,4808,233767,270974,150813,126.733613445,126.526077306,Psychotherapeutic agents,Psychotherapeutic agents,Major,Fluoxetine increases the effect and toxicity of tricyclics,0.452031983511,6225,13686,0.191164658635,0.0869501680549,198,992,21536,129277,5,26,9,25,225,9,130,7,0.00896610961257,0.0014918400868,0.00747426952578,0.00359790667248,0.0127686960999,3.5489236554,0.281775573977
63,DB00338-DB00829,999,Omeprazole-Diazepam,DB00338,DB00829,Omeprazole,Diazepam,6514,3860,196277,219439,86692,86.7787787788,85.7809118615,Gastrointestinal agents,CNS agents,Moderate,Omeprazole increases the effect of benzodiazepine,0.265077121563,27322,3199,0.0365639411463,0.31228508909,369,630,31698,54994,6,61,46,5,230,10,366,13,0.00752701134703,0.00278024743449,0.00474676391254,0.00670518970781,0.00810915175698,1.20938438886,0.826866965713
8,DB00196-DB00641,892,Fluconazole-Simvastatin,DB00196,DB00641,Fluconazole,Simvastatin,1831,7070,85709,247424,49901,55.9428251121,60.9889328159,Anti-infectives,Metabolic agents,Major,Increased risk of myopathy/rhabdomyolysis,0.202048928125,6605,20942,0.135049205148,0.0425938305797,189,703,10864,39037,7,96,21,46,966,27,672,19,0.00672081493648,0.00142402917376,0.00529678576272,0.0034343654601,0.00904878362724,2.63477598187,0.379538908385
160,DB00945-DB01234,752,Acetylsalicylic Acid-Dexamethasone,DB00945,DB01234,ASA,Dexamethasone,6869,1655,217548,31631,22287,29.6369680851,50.126974491,CNS agents,Hormones,Moderate,The corticosteroid decreases the effect of salicylates,0.119936417412,11962,9374,0.0628657415148,0.080221890335,265,487,7358,14929,8,138,32,27,864,25,1104,31,0.00566597851148,0.00199665466162,0.00366932384985,0.00481538014246,0.00626850302484,1.30176701307,0.76818661862
11,DB00196-DB01068,627,Fluconazole-Clonazepam,DB00196,DB01068,Fluconazole,Clonazepam,1155,3206,49338,191018,29062,46.350877193,53.720177952,Anti-infectives,CNS agents,None,Increases the effect of the benzodiazepine,0.155131618577,6605,14177,0.0949280847843,0.0442265641532,108,519,5181,23881,9,121,24,43,1032,28,1089,30,0.00472416027486,0.000813730956435,0.00391042931842,0.00196249454863,0.00668039644742,3.4040331231,0.293769174341
139,DB00635-DB00945,609,Prednisone-Acetylsalicylic Acid,DB00635,DB00945,Prednisone,ASA,1832,4710,48240,148776,28977,47.5812807882,93.4807205232,Hormones,CNS agents,Moderate,The corticosteroid decreases the effect of salicylates,0.19142763376,8567,11962,0.0710867281429,0.0509112188597,262,347,15067,13910,10,105,30,38,1140,30,1050,28,0.00458853844879,0.00197405102394,0.00261448742484,0.004760866405,0.00446646930107,0.938163124337,1.06591271183
59,DB00335-DB01016,535,Atenolol-Glyburide,DB00335,DB01016,Atenolol,Glyburide,3979,3164,127245,107974,81347,152.05046729,131.772812929,Cardiovascular agents,Metabolic agents,Moderate,The beta-blocker decreases the symptoms of hypoglycemia,0.583821126525,7464,2481,0.0716773847803,0.2156388553,197,338,30124,51223,11,4,29,9,261,12,44,3,0.00403098205271,0.00148430554091,0.00254667651181,0.00357973542666,0.00435062427597,1.21534799571,0.822809601471
105,DB00502-DB00810,524,Haloperidol-Biperiden,DB00502,DB00810,Haloperidol,Biperiden,3376,2871,162446,151519,127174,242.698473282,188.340099389,Psychotherapeutic agents,CNS agents,Moderate,Anticholinergic inc. risk of psychosis and tardive dyskinesia,0.695377737876,1049,863,0.499523355577,0.60718424102,280,244,69436,57738,12,1,3,1,3,1,12,2,0.00394810204789,0.00210967285002,0.00183842919787,0.00508794882977,0.00314068734715,0.617279664601,1.6200112483
127,DB00571-DB01050,501,Propranolol-Ibuprofen,DB00571,DB01050,Propranolol,Ibuprofen,3180,1545,109099,30808,21967,43.8463073852,61.8094679749,Cardiovascular agents,CNS agents,Moderate,Risk of inhibition of renal prostaglandins,0.248069581649,2357,38604,0.212558336869,0.0129779297482,86,415,3797,18170,13,67,7,91,637,20,871,24,0.00377480749235,0.000647970946791,0.00312683654556,0.00156272714057,0.00534174282404,3.41821850108,0.29255005193
145,DB00695-DB01050,500,Furosemide-Ibuprofen,DB00695,DB01050,Furosemide,Ibuprofen,3290,1847,122303,44408,25775,51.55,74.8579918103,Cardiovascular agents,CNS agents,Moderate,NSAID decreases diuretic and antihypertensive effects of loop diuretic,0.204139330704,3358,38604,0.148898153663,0.0129520256968,134,366,5516,20259,14,94,18,92,1656,40,1316,40,0.00376727294646,0.00100962914965,0.00275764379681,0.00243494693996,0.00471103102072,1.9347571577,0.5168607316
159,DB00945-DB01120,496,Acetylsalicylic Acid-Gliclazide,DB00945,DB01120,ASA,Gliclazide,3711,2473,117831,80036,51077,102.977822581,86.8322282957,CNS agents,Metabolic agents,None,The salicylate increases the effect of sulfonylurea,0.364155641862,11962,1128,0.0414646380204,0.439716312057,236,260,24106,26971,15,40,42,3,126,8,600,18,0.00373713476289,0.00177815283073,0.00195898193216,0.00428841401366,0.00334663405844,0.780389684339,1.28141109508
68,DB00343-DB00641,470,Diltiazem-Simvastatin,DB00343,DB00641,Diltiazem,Simvastatin,3192,3352,102688,115039,75237,160.078723404,132.657502536,Cardiovascular agents,Metabolic agents,Major,Increases the effect and toxicity of simvastatin,0.548480977049,746,20942,0.630026809651,0.0224429376373,168,302,29015,46222,16,8,1,71,71,6,128,6,0.00354123656967,0.00126580371001,0.00227543285966,0.00305276929786,0.00388724417557,1.2733501278,0.785329956129
83,DB00390-DB00695,385,Digoxin-Furosemide,DB00390,DB00695,Digoxin,Furosemide,2103,2362,81457,87784,59530,154.623376623,125.441266859,Cardiovascular agents,Cardiovascular agents,Moderate,Possible electrolyte variations and arrhythmias,0.599327211655,648,3358,0.594135802469,0.11465157832,207,178,32901,26629,17,3,2,19,38,2,51,4,0.00290080016877,0.00155965099983,0.00134114916894,0.00376144788487,0.00229115716308,0.609115753618,1.64172407964
97,DB00472-DB00564,377,Fluoxetine-Carbamazepine,DB00472,DB00564,Fluoxetine,Carbamazepine,1543,1618,82028,87950,54070,143.421750663,137.529203298,Psychotherapeutic agents,CNS agents,Moderate,Increases the effect of carbamazepine,0.497508856409,13686,2181,0.0275463977788,0.17285648785,158,219,20960,33110,18,15,57,12,684,22,270,11,0.00284052380163,0.00119045825108,0.00165006555055,0.00287105683966,0.00281889561076,0.981832045895,1.01850413641
115,DB00564-DB00641,364,Carbamazepine-Simvastatin,DB00564,DB00641,Carbamazepine,Simvastatin,1785,2242,104888,77812,40189,110.409340659,106.284560197,CNS agents,Metabolic agents,Moderate,Decreases the effect of the statin,0.276371010013,2181,20942,0.166895919303,0.0173813389361,156,208,18025,22164,19,59,15,80,1200,32,1121,32,0.00274257470502,0.0011753891593,0.00156718554573,0.00283471434802,0.00267730724675,0.944471617969,1.05879306585
98,DB00472-DB00571,355,Fluoxetine-Propranolol,DB00472,DB00571,Fluoxetine,Propranolol,1491,1981,83792,68072,30601,86.2,83.8868083203,Psychotherapeutic agents,Cardiovascular agents,Moderate,The SSRI increases the effect of the beta-blocker,0.259536323427,13686,2357,0.0259389156803,0.150615188799,46,309,4074,26527,20,65,61,15,915,26,1300,38,0.00267476379199,0.000346589111074,0.00232817468091,0.000835877307748,0.00397734586176,4.75828907531,0.210159572942
91,DB00451-DB01592,284,Levothyroxine-Iron (II) Sulfate,DB00451,DB01592,Levothyroxine,Iron (II) Sulfate,2727,692,88235,26091,18707,65.8697183099,56.955322506,Hormones,Nutritional Products,Moderate,Iron decreases absorption of levothyroxine,0.272260878663,7532,5404,0.0377057886352,0.0525536639526,38,246,3011,15696,21,60,44,37,1628,38,1260,37,0.00213981103359,0.000286312743931,0.00185349828966,0.000690507341183,0.00316643068606,4.5856582504,0.218071200555
79,DB00390-DB00421,272,Digoxin-Spironolactone,DB00390,DB00421,Digoxin,Spironolactone,1523,1551,59842,54085,38022,139.786764706,113.544367393,Cardiovascular agents,Cardiovascular agents,Minor,Increased digoxin levels and decreased effect with spironolactone,0.545592289568,648,1887,0.41975308642,0.144144144144,149,123,22265,15757,22,10,4,16,64,5,220,9,0.00204939648287,0.00112264733804,0.000926749144829,0.00270751562727,0.00158321534303,0.584748367501,1.71013730962
92,DB00458-DB00472,257,Imipramine-Fluoxetine,DB00458,DB00472,Imipramine,Fluoxetine,854,1120,49107,61605,31525,122.66536965,130.027419311,Psychotherapeutic agents,Psychotherapeutic agents,Major,Fluoxetine increases the effect and toxicity of tricyclics,0.419169206535,1623,13686,0.158348736907,0.0187783136051,48,209,5209,26316,23,34,17,76,1292,33,782,23,0.00193637829448,0.00036165820286,0.00157472009162,0.000872219799389,0.00269017891621,3.08429012743,0.324223713945
3,DB00196-DB00321,245,Fluconazole-Amitriptyline,DB00196,DB00321,Fluconazole,Amitriptyline,430,1005,19646,59531,10387,42.3959183673,40.1835234523,Anti-infectives,Psychotherapeutic agents,Moderate,The imidazole increases the effect and toxicity of the tricyclic,0.186979787538,6605,6225,0.0370931112793,0.0393574297189,35,210,1751,8636,24,107,45,50,2250,43,2568,52,0.00184596374377,0.000263709106252,0.00158225463751,0.000635993603721,0.00270305058566,4.25012228086,0.235287347967
50,DB00316-DB00682,244,Acetaminophen-Warfarin,DB00316,DB00682,Acetaminophen,Warfarin,1099,1743,25150,57959,13809,56.5942622951,76.8785807682,CNS agents,Coagulation modifiers,Minor,Acetaminophen increases the anticoagulant effect,0.221403931108,42099,890,0.00579586213449,0.274157303371,97,147,5673,8136,25,86,112,6,672,21,2150,46,0.00183842919787,0.000730850951613,0.00110757824626,0.0017626108446,0.00189213540996,1.07348449362,0.931545826646
52,DB00321-DB00564,226,Amitriptyline-Carbamazepine,DB00321,DB00564,Amitriptyline,Carbamazepine,933,938,53807,52778,34040,150.619469027,145.376221108,Psychotherapeutic agents,CNS agents,Moderate,The tricyclics increases the effect of carbamazepine,0.493592879646,6225,2181,0.0363052208835,0.103622191655,94,132,13548,20492,26,16,48,22,1056,29,416,14,0.0017028073718,0.000708247313934,0.000994560057865,0.00170809710714,0.00169906036813,0.994709469988,1.00531866859
101,DB00472-DB01356,222,Fluoxetine-Lithium,DB00472,DB01356,Fluoxetine,Lithium,1032,1090,53599,56954,32933,148.346846847,138.603674917,Psychotherapeutic agents,Psychotherapeutic agents,Major,The SSRI increases serum levels of lithium,0.469636793513,13686,911,0.0162209557212,0.243688254665,63,159,8819,24114,27,21,72,8,576,16,567,17,0.00167266918823,0.000474676391254,0.00119799279697,0.0011447884867,0.00204659544343,1.7877498483,0.559362374413
61,DB00335-DB01120,201,Atenolol-Gliclazide,DB00335,DB01120,Atenolol,Gliclazide,1657,1014,52032,33014,21536,107.144278607,94.7086272712,Cardiovascular agents,Metabolic agents,None,The beta-blocker decreases the symptoms of hypoglycemia,0.338929841791,7464,1128,0.0269292604502,0.178191489362,79,122,8563,12973,28,44,59,10,590,17,1232,36,0.00151444372448,0.000595229125541,0.000919214598936,0.00143552841983,0.00157034367357,1.09391332967,0.914149204397
103,DB00502-DB00564,186,Haloperidol-Carbamazepine,DB00502,DB00564,Haloperidol,Carbamazepine,1006,899,42901,45585,26427,142.080645161,155.827690533,Psychotherapeutic agents,CNS agents,Moderate,Carbamazepine decreases the effect of haloperidol,0.427721104864,1049,2181,0.177311725453,0.0852819807428,99,87,15881,10546,29,32,12,26,312,13,928,26,0.00140142553608,0.000745920043399,0.000655505492684,0.00179895333624,0.00111983524263,0.622492657298,1.60644465164
165,DB00977-DB01060,179,Ethinyl Estradiol-Amoxicillin,DB00977,DB01060,Ethinyl Estradiol,Amoxicillin,931,277,33416,2555,1723,9.62569832402,5.547507684,Hormones,Anti-infectives,Moderate,Anti-infectious agent could decrease effect of oral contraceptive,0.0909354394108,2126,25369,0.0841956726246,0.00705585557176,1,178,8,1715,30,147,26,109,2834,52,4410,66,0.00134868371483,7.53454589292e-06,0.00134114916894,1.81712458206e-05,0.00229115716308,126.086960999,0.00793103420114
87,DB00390-DB01136,173,Digoxin-Carvedilol,DB00390,DB01136,Digoxin,Carvedilol,1048,857,41223,27661,18873,109.092485549,96.2489661748,Cardiovascular agents,Cardiovascular agents,Moderate,Carvedilol increases levels/effect of digoxin,0.41420889527,648,1144,0.266975308642,0.151223776224,99,74,11406,7467,31,38,6,14,84,7,1178,34,0.00130347643947,0.000745920043399,0.000557556396076,0.00179895333624,0.000952503539709,0.529476513104,1.88865790125
53,DB00321-DB01001,155,Amitriptyline-Salbutamol,DB00321,DB01001,Amitriptyline,Salbutamol,600,663,36005,23192,10609,68.4451612903,79.9452850177,Psychotherapeutic agents,Respiratory agents,Moderate,The tricyclic increases the sympathomimetic effect,0.218127553269,6225,4381,0.0248995983936,0.0353800502168,31,124,2775,7834,32,87,62,54,3348,57,2784,55,0.0011678546134,0.00023357092268,0.000934283690722,0.000563308620439,0.00159608701249,2.83341485391,0.352931021951
96,DB00472-DB00540,154,Fluoxetine-Nortriptyline,DB00472,DB00540,Fluoxetine,Nortriptyline,749,432,40790,23651,14553,94.5,92.1770993634,Psychotherapeutic agents,Psychotherapeutic agents,Major,Fluoxetine increases the effect and toxicity of tricyclics,0.325627159181,13686,605,0.0112523746895,0.254545454545,32,122,2970,11583,33,47,85,7,595,18,1551,41,0.00116032006751,0.000241105468573,0.000919214598936,0.00058147986626,0.00157034367357,2.70059853263,0.370288285325
90,DB00451-DB00682,154,Levothyroxine-Warfarin,DB00451,DB00682,Levothyroxine,Warfarin,1618,876,52219,30243,22145,143.798701299,121.752796796,Hormones,Coagulation modifiers,Moderate,Thyroid hormones increase the anticoagulant effect,0.445863644312,7532,890,0.0204460966543,0.173033707865,62,92,7505,14640,33,28,66,11,726,23,924,25,0.00116032006751,0.000467141845361,0.000693178222149,0.00112661724088,0.00118419358991,1.05110551032,0.951379276563
20,DB00252-DB00338,149,Phenytoin-Omeprazole,DB00252,DB00338,Phenytoin,Omeprazole,745,936,42794,27978,17157,115.147651007,109.354949952,CNS agents,Gastrointestinal agents,Moderate,Omeprazole increases the effect of hydantoin,0.317516707718,536,27322,0.277985074627,0.00545348071151,70,79,6758,10399,35,50,5,122,610,19,1750,44,0.00112264733804,0.000527418212504,0.000595229125541,0.00127198720744,0.00101686188699,0.799427762352,1.25089476134
107,DB00502-DB01356,148,Haloperidol-Lithium,DB00502,DB01356,Haloperidol,Lithium,709,843,33774,43620,24801,167.574324324,159.921923604,Psychotherapeutic agents,Psychotherapeutic agents,Major,Possible extrapyramidal effects and neurotoxicity,0.486213796506,1049,911,0.141086749285,0.162458836443,52,96,10381,14420,36,20,20,13,260,11,720,21,0.00111511279215,0.000391796386432,0.00072331640572,0.000944904782672,0.00123568026773,1.30772993257,0.764683880894
58,DB00335-DB01001,147,Atenolol-Salbutamol,DB00335,DB01001,Atenolol,Salbutamol,1112,506,36405,16940,8870,60.3401360544,75.5124499033,Cardiovascular agents,Respiratory agents,Moderate,Antagonism,0.226628577492,7464,4381,0.0196945337621,0.0335539831089,50,97,3289,5581,37,83,67,57,3819,60,3071,59,0.00110757824626,0.000376727294646,0.000730850951613,0.000908562291031,0.00124855193719,1.37420620414,0.727692828765
171,DB01050-DB01356,130,Ibuprofen-Lithium,DB01050,DB01356,Ibuprofen,Lithium,314,814,5497,44409,3466,26.6615384615,44.5811782592,CNS agents,Psychotherapeutic agents,Moderate,The NSAID increases serum levels of lithium,0.0831353298699,38604,911,0.00336752668117,0.142700329308,33,97,630,2836,38,151,140,17,2380,46,5738,75,0.000979490966079,0.000248640014466,0.000730850951613,0.00059965111208,0.00124855193719,2.08213061234,0.480277266985
170,DB01050-DB01136,123,Ibuprofen-Carvedilol,DB01050,DB01136,Ibuprofen,Carvedilol,365,789,8544,24982,3865,31.4227642276,42.9219665818,CNS agents,Cardiovascular agents,Moderate,Risk of inhibition of renal prostaglandins,0.157717254998,38604,1144,0.00318619832142,0.107517482517,55,68,1159,2706,39,119,141,21,2961,53,4641,67,0.000926749144829,0.000414400024111,0.000512349120718,0.000999418520134,0.000875273522976,0.875782773026,1.14183565925
85,DB00390-DB00999,117,Digoxin-Hydrochlorothiazide,DB00390,DB00999,Digoxin,Hydrochlorothiazide,645,700,24676,26111,14756,126.11965812,126.579480442,Cardiovascular agents,Cardiovascular agents,Moderate,Possible electrolyte variations and arrhythmias,0.463437519091,648,13431,0.180555555556,0.00871119052937,50,67,6450,8306,40,24,11,104,1144,31,960,27,0.000881541869472,0.000376727294646,0.000504814574826,0.000908562291031,0.00086240185352,0.949193976059,1.05352543866
173,DB01059-DB01592,116,Norfloxacin-Iron (II) Sulfate,DB01059,DB01592,Norfloxacin,Iron (II) Sulfate,146,295,1334,11711,1026,8.84482758621,6.85451732773,Anti-infectives,Nutritional Products,Moderate,Formation of non-absorbable complexes,0.140159850223,5524,5404,0.020999275887,0.0214655810511,12,104,128,898,41,130,65,74,4810,69,5330,71,0.000874007323579,9.0414550715e-05,0.000783592772864,0.000218054949847,0.00133865362337,6.1390655168,0.1628912409
80,DB00390-DB00451,103,Digoxin-Levothyroxine,DB00390,DB00451,Digoxin,Levothyroxine,487,776,18859,24637,11678,113.378640777,109.865346863,Cardiovascular agents,Hormones,Moderate,The thyroid hormones decreases the effect of digoxin,0.428055241706,648,7532,0.158950617284,0.0136749867233,33,70,3247,8431,42,31,16,88,1408,35,1302,39,0.000776058226971,0.000248640014466,0.000527418212504,0.00059965111208,0.000901016861887,1.50256848313,0.665527069964
100,DB00472-DB01136,103,Fluoxetine-Carvedilol,DB00472,DB01136,Fluoxetine,Carvedilol,415,530,23089,17278,7853,76.2427184466,79.6212192157,Psychotherapeutic agents,Cardiovascular agents,Moderate,The SSRI increases the effect of the beta-blocker,0.230496715561,13686,1144,0.00752593891568,0.090034965035,33,70,3155,4698,42,80,99,24,2376,45,3360,60,0.000776058226971,0.000248640014466,0.000527418212504,0.00059965111208,0.000901016861887,1.50256848313,0.665527069964
133,DB00586-DB00630,102,Diclofenac-Alendronate,DB00586,DB00630,Diclofenac,Alendronate,147,812,523,25168,419,4.10784313725,3.73611452414,CNS agents,Metabolic agents,Moderate,Increased risk of gastric toxicity,0.0428934099984,7950,2327,0.0128301886792,0.0438332617104,7,95,25,394,44,170,80,44,3520,59,7480,94,0.000768523681078,5.27418212504e-05,0.000715781859827,0.000127198720744,0.00122280859828,9.61337182575,0.104021774891
99,DB00472-DB00682,101,Fluoxetine-Warfarin,DB00472,DB00682,Fluoxetine,Warfarin,408,658,22989,22164,9254,91.6237623762,81.4161963598,Psychotherapeutic agents,Coagulation modifiers,Moderate,The SSRI increases the effect of anticoagulant,0.247812750944,13686,890,0.00737980417945,0.113483146067,33,68,3312,5942,45,68,100,20,2000,41,3060,58,0.000760989135185,0.000248640014466,0.000512349120718,0.00059965111208,0.000875273522976,1.45963795504,0.685101395552
126,DB00571-DB01016,95,Propranolol-Glyburide,DB00571,DB01016,Propranolol,Glyburide,671,523,22352,17384,13324,140.252631579,125.657248135,Cardiovascular agents,Metabolic agents,Moderate,The beta-blocker decreases the symptoms of hypoglycemia,0.574821704464,2357,2481,0.040305473059,0.0382910116888,29,66,4744,8580,46,5,43,51,2193,42,230,10,0.000715781859827,0.000218501830895,0.000497280028933,0.000526966128798,0.000849530184065,1.61211534791,0.620303008277
55,DB00335-DB00343,91,Atenolol-Diltiazem,DB00335,DB00343,Atenolol,Diltiazem,673,675,21411,22104,14000,153.846153846,141.930415116,Cardiovascular agents,Cardiovascular agents,Major,Increased risk of bradycardia,0.515305334907,7464,746,0.0121918542337,0.121983914209,34,57,6432,7568,47,12,82,18,1476,36,564,16,0.000685643676256,0.000256174560359,0.000429469115896,0.000617822357901,0.000733685158965,1.18753416671,0.84208103483
93,DB00458-DB00564,90,Imipramine-Carbamazepine,DB00458,DB00564,Imipramine,Carbamazepine,390,400,21763,22471,14504,161.155555556,157.408572437,Psychotherapeutic agents,CNS agents,Moderate,The tricyclic increases the effect of carbamazepine,0.504273019452,1623,2181,0.0554528650647,0.041265474553,31,59,4718,9786,48,14,33,47,1551,37,672,19,0.000678109130363,0.00023357092268,0.000444538207682,0.000563308620439,0.000759428497876,1.34815706758,0.74175333427
10,DB00196-DB00829,89,Fluconazole-Diazepam,DB00196,DB00829,Fluconazole,Diazepam,146,371,6678,21519,3201,35.9662921348,31.721963082,Anti-infectives,CNS agents,Moderate,Increases the effect of the benzodiazepine,0.172039162322,6605,3199,0.0134746404239,0.0278211941232,22,67,917,2284,49,110,76,60,4560,66,5390,72,0.00067057458447,0.000165760009644,0.000504814574826,0.000399767408053,0.00086240185352,2.1572590365,0.46355119301
140,DB00635-DB00977,84,Prednisone-Ethinyl Estradiol,DB00635,DB00977,Prednisone,Ethinyl Estradiol,144,515,2299,18042,1268,15.0952380952,25.6729284298,Hormones,Hormones,Moderate,The estrogenic agent increases the effect of corticosteroid,0.0892993337744,8567,2126,0.00980506595074,0.0395108184384,1,83,6,1262,50,148,90,49,4410,65,7400,93,0.000632901855005,7.53454589292e-06,0.000625367309112,1.81712458206e-05,0.00106834856481,58.7933582186,0.0170087239494
24,DB00252-DB00472,71,Phenytoin-Fluoxetine,DB00252,DB00472,Phenytoin,Fluoxetine,353,327,20500,18329,12013,169.197183099,150.581503296,CNS agents,Psychotherapeutic agents,Moderate,Fluoxetine increases the effect of phenytoin,0.46726783209,536,13686,0.132462686567,0.00518778313605,35,36,5917,6096,51,22,22,125,2750,50,1122,33,0.000534952758397,0.000263709106252,0.000271243652145,0.000635993603721,0.000463380100399,0.728592391005,1.37250952981
62,DB00335-DB01288,71,Atenolol-Fenoterol,DB00335,DB01288,Atenolol,Fenoterol,584,128,18286,2297,1084,15.2676056338,18.7364867468,Cardiovascular agents,Respiratory agents,*,Antagonism,0.0780987369884,7464,4091,0.00951232583065,0.0173551698851,15,56,370,714,51,153,92,81,7452,96,7803,96,0.000534952758397,0.000113018188394,0.000421934570003,0.000272568687309,0.00072081348951,2.64452053031,0.378140380662
110,DB00537-DB01592,69,Ciprofloxacin-Iron (II) Sulfate,DB00537,DB01592,Ciprofloxacin,Iron (II) Sulfate,109,177,1235,6464,721,10.4492753623,8.08872896269,Anti-infectives,Nutritional Products,Moderate,Formation of non-absorbable complexes,0.162132121167,4712,5404,0.0146434634975,0.0127683197631,10,59,97,624,53,115,75,93,6975,92,6095,79,0.000519883666611,7.53454589292e-05,0.000444538207682,0.000181712458206,0.000759428497876,4.17928690951,0.239275269119
164,DB00968-DB01592,63,Methyldopa-Iron (II) Sulfate,DB00968,DB01592,Methyldopa,Iron (II) Sulfate,166,119,5383,5027,2083,33.0634920635,28.2727915574,Cardiovascular agents,Nutritional Products,Moderate,Iron decreases the absorption of dopa derivatives,0.35087708615,362,5404,0.174033149171,0.0116580310881,2,61,86,1997,54,41,14,98,1372,34,2214,48,0.000474676391254,1.50690917858e-05,0.000459607299468,3.63424916412e-05,0.000785171836787,21.604788261,0.0462860356657
65,DB00343-DB00381,63,Diltiazem-Amlodipine,DB00343,DB00381,Diltiazem,Amlodipine,444,351,14428,12767,6939,110.142857143,118.085378782,Cardiovascular agents,Cardiovascular agents,Moderate,Increases the effect and toxicity of amlodipine,0.338749038381,746,5276,0.0844504021448,0.0119408642911,20,43,3324,3615,54,45,25,95,2375,44,2430,51,0.000474676391254,0.000150690917858,0.000323985473396,0.000363424916412,0.000553481786588,1.52296048397,0.656615854792
137,DB00635-DB00682,60,Prednisone-Warfarin,DB00635,DB00682,Prednisone,Warfarin,241,409,6559,13761,2928,48.8,95.4475275137,Hormones,Coagulation modifiers,Moderate,The corticosteroid alters the anticoagulant effect,0.191543986042,8567,890,0.00700361853624,0.0674157303371,29,31,1819,1109,56,104,104,29,3016,55,5824,77,0.000452072753575,0.000218501830895,0.00023357092268,0.000526966128798,0.000399021753121,0.757205693716,1.3206451144
54,DB00321-DB01288,60,Amitriptyline-Fenoterol,DB00321,DB01288,Amitriptyline,Fenoterol,289,116,17309,2417,1706,28.4333333333,42.7175852594,Psychotherapeutic agents,Respiratory agents,*,The tricyclic increases the sympathomimetic effect,0.117608566572,6225,4091,0.00963855421687,0.014666340748,12,48,507,1199,56,140,91,85,7735,98,7840,97,0.000452072753575,9.0414550715e-05,0.00036165820286,0.000218054949847,0.000617840133865,2.83341485391,0.352931021951
7,DB00196-DB00564,59,Fluconazole-Carbamazepine,DB00196,DB00564,Fluconazole,Carbamazepine,96,278,4142,15560,2024,34.3050847458,34.0041854611,Anti-infectives,CNS agents,Moderate,Increases the effect of carbamazepine,0.149405748829,6605,2181,0.00893262679788,0.0270518110958,24,35,781,1243,58,124,94,62,5828,86,7192,88,0.000444538207682,0.00018082910143,0.000263709106252,0.000436109899695,0.000450508430943,1.03301583215,0.968039374494
147,DB00741-DB00945,58,Hydrocortisone-Acetylsalicylic Acid,DB00741,DB00945,Hydrocortisone,ASA,64,476,354,14819,308,5.31034482759,9.83942463115,Hormones,CNS agents,Moderate,The corticosteroid decreases the effect of salicylates,0.0311484364926,1239,11962,0.046811945117,0.00484868751045,20,38,164,144,59,175,38,128,4864,70,10325,112,0.000437003661789,0.000150690917858,0.000286312743931,0.000363424916412,0.00048912343931,1.34587205561,0.743012677791
4,DB00196-DB00458,57,Fluconazole-Imipramine,DB00196,DB00458,Fluconazole,Imipramine,113,286,5207,17114,2854,50.0701754386,47.7571459309,Anti-infectives,Psychotherapeutic agents,Moderate,The imidazole increases the effect and toxicity of the tricyclic,0.151268316345,6605,1623,0.00862982588948,0.0351201478743,5,52,158,2696,60,122,95,55,5225,76,7320,92,0.000429469115896,3.76727294646e-05,0.000391796386432,9.08562291031e-05,0.000669326811687,7.36687862016,0.13574270075
169,DB01016-DB01136,57,Glyburide-Carvedilol,DB01016,DB01136,Glyburide,Carvedilol,345,318,11619,9979,5458,95.7543859649,95.8848417749,Metabolic agents,Cardiovascular agents,Moderate,The beta-blocker decreases the symptoms of hypoglycemia,0.346184608686,2481,1144,0.0229746070133,0.0498251748252,28,29,3444,2014,60,43,63,39,2457,48,2580,53,0.000429469115896,0.000210967285002,0.000218501830895,0.000508794882977,0.00037327841421,0.733652060387,1.36304394684
86,DB00390-DB01118,52,Digoxin-Amiodarone,DB00390,DB01118,Digoxin,Amiodarone,277,294,10752,9247,6152,118.307692308,113.673688207,Cardiovascular agents,Cardiovascular agents,Major,Amiodarone increases the effect of digoxin,0.490114842043,648,821,0.0802469135802,0.0633373934227,29,23,3709,2443,62,17,27,30,810,24,1054,29,0.000391796386432,0.000218501830895,0.000173294555537,0.000526966128798,0.000296048397477,0.561797772757,1.7799999368
168,DB00999-DB01356,51,Hydrochlorothiazide-Lithium,DB00999,DB01356,Hydrochlorothiazide,Lithium,265,271,10304,15539,4736,92.862745098,90.1485484315,Cardiovascular agents,Psychotherapeutic agents,Major,The thiazide diuretic increases serum levels of lithium,0.234241862041,13431,911,0.00379718561537,0.0559824368825,10,41,708,4028,63,77,130,32,4160,63,4851,69,0.000384261840539,7.53454589292e-05,0.00030891638161,0.000181712458206,0.000527738447677,2.90425022525,0.344322948245
132,DB00584-DB01356,48,Enalapril-Lithium,DB00584,DB01356,Enalapril,Lithium,231,270,7640,15097,3131,65.2291666667,73.9425422659,Cardiovascular agents,Psychotherapeutic agents,Moderate,The ACE inhibitor increases serum levels of lithium,0.163695861775,11851,911,0.00405029111467,0.05268935236,13,35,716,2415,64,114,127,36,4572,67,7296,91,0.00036165820286,9.79490966079e-05,0.000263709106252,0.000236226195668,0.000450508430943,1.90710615167,0.524354661184
89,DB00437-DB00682,47,Allopurinol-Warfarin,DB00437,DB00682,Allopurinol,Warfarin,318,333,9834,11280,6361,135.340425532,108.700481299,Metabolic agents,Coagulation modifiers,Moderate,Allopurinol increases the anticoagulant effect,0.455081467904,1286,890,0.0365474339036,0.052808988764,37,10,5116,1245,65,25,47,35,1645,39,1625,42,0.000354123656967,0.000278778198038,7.53454589292e-05,0.000672336095363,0.000128716694555,0.191446949588,5.22337912487
94,DB00458-DB01001,44,Imipramine-Salbutamol,DB00458,DB01001,Imipramine,Salbutamol,198,146,11861,5152,2223,50.5227272727,60.6946182191,Psychotherapeutic agents,Respiratory agents,Moderate,The tricyclic increases the sympathomimetic effect,0.160485964739,1623,4381,0.0271102895872,0.0100433690938,8,36,385,1838,66,117,58,100,5800,84,7722,95,0.000331520019288,6.02763671434e-05,0.000271243652145,0.000145369966565,0.000463380100399,3.18759171064,0.313716463956
33,DB00252-DB00829,43,Phenytoin-Diazepam,DB00252,DB00829,Phenytoin,Diazepam,226,151,13364,8469,6180,143.720930233,152.743689073,CNS agents,CNS agents,Moderate,"Possible increased levels of the hydantoin, decrease of benzodiazepine",0.397936282936,536,3199,0.080223880597,0.0134417005314,23,20,4073,2107,67,39,28,89,2492,49,2613,54,0.000323985473396,0.000173294555537,0.000150690917858,0.000417938653874,0.000257433389111,0.615959750849,1.62348270097
142,DB00678-DB01356,41,Losartan-Lithium,DB00678,DB01356,Losartan,Lithium,200,211,6231,12452,3363,82.0243902439,73.7582157474,Cardiovascular agents,Psychotherapeutic agents,Moderate,Losartan increases serum levels of lithium,0.205848962898,9299,911,0.00440907624476,0.0450054884742,6,35,280,3083,68,92,123,41,5043,74,6256,81,0.00030891638161,4.52072753575e-05,0.000263709106252,0.000109027474924,0.000450508430943,4.13206332861,0.242009843623
75,DB00373-DB01050,39,Timolol-Ibuprofen,DB00373,DB01050,Timolol,Ibuprofen,187,176,5720,3960,1157,29.6666666667,46.1424187383,Cardiovascular agents,CNS agents,None,Risk of inhibition of renal prostaglandins,0.149769798576,274,38604,0.142335766423,0.00101025800435,13,26,439,718,69,123,19,168,3192,56,8487,102,0.000293847289824,9.79490966079e-05,0.000195898193216,0.000236226195668,0.000334663405844,1.41670742695,0.705862043902
111,DB00540-DB00564,39,Nortriptyline-Carbamazepine,DB00540,DB00564,Nortriptyline,Carbamazepine,131,192,7333,10906,5066,129.897435897,122.160333572,Psychotherapeutic agents,CNS agents,Moderate,The tricyclic increases the effect of carbamazepine,0.417027034363,605,2181,0.0644628099174,0.0178817056396,14,25,2825,2241,69,35,31,78,2418,47,2415,50,0.000293847289824,0.000105483642501,0.000188363647323,0.000254397441489,0.000321791736388,1.26491734549,0.79056548917
174,DB01120-DB01136,39,Gliclazide-Carvedilol,DB01120,DB01136,Gliclazide,Carvedilol,162,211,5098,6615,3200,82.0512820513,64.3272671652,Metabolic agents,Cardiovascular agents,None,The beta-blocker decreases the symptoms of hypoglycemia,0.420727851724,1128,1144,0.0345744680851,0.0340909090909,20,19,1805,1395,69,33,50,56,2800,51,2277,49,0.000293847289824,0.000150690917858,0.000143156371965,0.000363424916412,0.000244561719655,0.672936027803,1.48602535558
177,DB01174-DB01234,36,Phenobarbital-Dexamethasone,DB01174,DB01234,Phenobarbital,Dexamethasone,236,53,13638,798,523,14.5277777778,14.0376760615,CNS agents,Hormones,Moderate,The barbiturate decreases the effect of the corticosteroid,0.0456516436797,754,9374,0.0477453580902,0.0038404096437,14,22,219,304,72,167,36,137,4932,71,12024,125,0.000271243652145,0.000105483642501,0.000165760009644,0.000254397441489,0.000283176728022,1.11312726403,0.898369874057
152,DB00860-DB00945,31,Prednisolone-Acetylsalicylic Acid,DB00860,DB00945,Prednisolone,ASA,39,286,387,9776,292,9.41935483871,8.46866456827,Hormones,CNS agents,Moderate,The corticosteroid decreases the effect of salicylates,0.0413543584796,4747,11962,0.00653044027807,0.00259153987627,6,25,46,246,73,171,106,152,16112,145,12483,129,0.00023357092268,4.52072753575e-05,0.000188363647323,0.000109027474924,0.000321791736388,2.95147380615,0.338813781073
125,DB00571-DB01001,31,Propranolol-Salbutamol,DB00571,DB01001,Propranolol,Salbutamol,245,90,8481,2587,1480,47.7419354839,66.0802379646,Cardiovascular agents,Respiratory agents,Major,Antagonism,0.19919559956,2357,4381,0.0131523122613,0.00707601004337,3,28,48,1432,73,99,77,108,8316,104,7227,90,0.00023357092268,2.26036376788e-05,0.000210967285002,5.45137374618e-05,0.000360406744755,6.61130132578,0.151256152265
149,DB00766-DB00977,30,Clavulanate-Ethinyl Estradiol,DB00766,DB00977,Clavulanate,Ethinyl Estradiol,36,175,362,6030,307,10.2333333333,2.76284877135,Anti-infectives,Hormones,None,Anti-infectious agent could decrease effect of oral contraceptive,0.0919719572307,6628,2126,0.00452625226313,0.0141110065851,0,30,0,307,75,146,122,86,10492,115,10950,116,0.000226036376788,0.0,0.000226036376788,0.0,0.000386150083666,inf,0.0
84,DB00390-DB00829,28,Digoxin-Diazepam,DB00390,DB00829,Digoxin,Diazepam,176,106,6864,6122,2329,83.1785714286,85.7325961483,Cardiovascular agents,CNS agents,Moderate,The benzodiazepine increases the effect of digoxin,0.222668169512,648,3199,0.0432098765432,0.00875273522976,11,17,568,1761,76,84,41,103,4223,64,6384,82,0.000210967285002,8.28800048221e-05,0.00012808728018,0.000199883704027,0.000218818380744,1.09472846628,0.913468527402
138,DB00635-DB00783,27,Prednisone-Estradiol,DB00635,DB00783,Prednisone,Estradiol,43,188,326,5678,225,8.33333333333,6.54569735369,Hormones,Hormones,Moderate,The estrogenic agent increases the effect of corticosteroid,0.0654675982908,8567,847,0.00315162834131,0.0318772136954,0,27,0,225,77,161,142,58,8236,102,12397,128,0.000203432739109,0.0,0.000203432739109,0.0,0.000347535075299,inf,0.0
119,DB00564-DB00916,27,Carbamazepine-Metronidazole,DB00564,DB00916,Carbamazepine,Metronidazole,133,35,7675,273,199,7.37037037037,3.01468391184,CNS agents,Anti-infectives,Moderate,Metronidazole increases the effect of carbamazepine,0.0496015867263,2181,5432,0.0123796423659,0.004970544919,8,19,62,137,77,165,81,127,10287,113,12705,130,0.000203432739109,6.02763671434e-05,0.000143156371965,0.000145369966565,0.000244561719655,1.68234006951,0.594410142233
25,DB00252-DB00537,27,Phenytoin-Ciprofloxacin,DB00252,DB00537,Phenytoin,Ciprofloxacin,150,31,8412,287,274,10.1481481481,5.65483934141,CNS agents,Anti-infectives,Moderate,Ciprofloxacin decreases the hydantoin effect,0.0454011821093,536,4712,0.0503731343284,0.00573005093379,16,11,177,97,77,168,34,120,4080,61,12936,133,0.000203432739109,0.000120552734287,8.28800048221e-05,0.00029073993313,0.000141588364011,0.486993178015,2.05341685499
43,DB00254-DB00977,27,Doxycycline-Ethinyl Estradiol,DB00254,DB00977,Doxycycline,Ethinyl Estradiol,29,101,376,3385,310,11.4814814815,6.11033406093,Anti-infectives,Hormones,Moderate,Anti-infectious agent could decrease effect of oral contraceptive,0.188923903329,875,2126,0.0308571428571,0.0126999059266,0,27,0,310,77,106,53,94,4982,72,8162,100,0.000203432739109,0.0,0.000203432739109,0.0,0.000347535075299,inf,0.0
128,DB00571-DB01120,27,Propranolol-Gliclazide,DB00571,DB01120,Propranolol,Gliclazide,205,116,6877,3626,2196,81.3333333333,73.4836454856,Cardiovascular agents,Metabolic agents,None,The beta-blocker decreases the symptoms of hypoglycemia,0.297637302788,2357,1128,0.0114552397115,0.0239361702128,7,20,576,1620,77,54,84,68,5712,82,4158,62,0.000203432739109,5.27418212504e-05,0.000150690917858,0.000127198720744,0.000257433389111,2.02386775279,0.494103430731
6,DB00196-DB00540,26,Fluconazole-Nortriptyline,DB00196,DB00540,Fluconazole,Nortriptyline,53,88,2410,5127,1148,44.1538461538,69.9460891302,Anti-infectives,Psychotherapeutic agents,Moderate,The imidazole increases the effect and toxicity of the tricyclic,0.201730721692,6605,605,0.00393641180924,0.0429752066116,3,23,20,1128,82,97,129,45,5805,85,7954,98,0.000195898193216,2.26036376788e-05,0.000173294555537,5.45137374618e-05,0.000296048397477,5.43071180332,0.184137924496
38,DB00252-DB01234,26,Phenytoin-Dexamethasone,DB00252,DB01234,Phenytoin,Dexamethasone,146,38,8580,574,372,14.3076923077,11.7635682708,CNS agents,Hormones,Moderate,The enzyme inducer decreases the effect of the corticosteroid,0.0748115705118,536,9374,0.0485074626866,0.00277362918711,10,16,116,256,82,156,35,145,5075,75,12792,132,0.000195898193216,7.53454589292e-05,0.000120552734287,0.000181712458206,0.000205946711288,1.13336594156,0.882327554877
69,DB00343-DB01118,25,Diltiazem-Amiodarone,DB00343,DB01118,Diltiazem,Amiodarone,174,177,5433,5662,3931,157.24,135.826875102,Cardiovascular agents,Cardiovascular agents,Major,Increased risk of cardiotoxicity and arrhythmias,0.564608084911,746,821,0.0335120643432,0.0304506699147,9,16,1122,2809,84,6,51,59,3009,54,504,15,0.000188363647323,6.78109130363e-05,0.000120552734287,0.000163541212386,0.000205946711288,1.25929549063,0.794094799389
131,DB00571-DB01288,24,Propranolol-Fenoterol,DB00571,DB01288,Propranolol,Fenoterol,163,32,5547,401,351,14.625,10.077148061,Cardiovascular agents,Respiratory agents,*,Antagonism,0.16524446096,2357,4091,0.0101824352991,0.00586653629919,4,20,76,275,85,113,88,118,10384,114,9605,109,0.00018082910143,3.01381835717e-05,0.000150690917858,7.26849832825e-05,0.000257433389111,3.54176856738,0.282344817561
117,DB00564-DB00682,24,Carbamazepine-Warfarin,DB00564,DB00682,Carbamazepine,Warfarin,97,162,5810,5250,2401,100.041666667,85.3863237021,CNS agents,Coagulation modifiers,Moderate,Decreases the anticoagulant effect,0.290953050028,2181,890,0.0110041265475,0.0269662921348,10,14,1353,1048,85,56,86,63,5418,79,4760,68,0.00018082910143,7.53454589292e-05,0.000105483642501,0.000181712458206,0.000180203372377,0.991695198867,1.00837434843
134,DB00586-DB00682,24,Diclofenac-Warfarin,DB00586,DB00682,Diclofenac,Warfarin,34,168,104,6005,78,3.25,2.04832911758,CNS agents,Coagulation modifiers,Major,The NSAID increases the anticoagulant effect,0.0450497554395,7950,890,0.00301886792453,0.0269662921348,11,13,38,40,85,169,144,63,9072,105,14365,137,0.00018082910143,8.28800048221e-05,9.79490966079e-05,0.000199883704027,0.000167331702922,0.837145297745,1.1945357666
27,DB00252-DB00635,24,Phenytoin-Prednisone,DB00252,DB00635,Phenytoin,Prednisone,98,64,5839,1786,704,29.3333333333,45.3217163291,CNS agents,Hormones,Moderate,The enzyme inducer decreases the effect of the corticosteroid,0.148654492244,536,8567,0.044776119403,0.0028014474145,7,17,225,479,85,125,40,144,5760,83,10625,114,0.00018082910143,5.27418212504e-05,0.00012808728018,0.000127198720744,0.000218818380744,1.72028758987,0.581298153801
5,DB00196-DB00502,23,Fluconazole-Haloperidol,DB00196,DB00502,Fluconazole,Haloperidol,37,164,1307,8055,824,35.8260869565,43.5072117051,Anti-infectives,Psychotherapeutic agents,Major,The imidazole increases the effect and toxicity of haloperidol,0.157751339235,6605,1049,0.00348221044663,0.02192564347,8,15,290,534,89,118,138,72,9936,108,10502,113,0.000173294555537,6.02763671434e-05,0.000113018188394,0.000145369966565,0.000193075041833,1.32816321277,0.752919513495
67,DB00343-DB00571,23,Diltiazem-Propranolol,DB00343,DB00571,Diltiazem,Propranolol,203,158,6470,5383,3506,152.434782609,142.530961895,Cardiovascular agents,Cardiovascular agents,Major,Increased risk of bradycardia,0.467190670392,746,2357,0.0308310991957,0.00975816716165,6,17,746,2760,89,23,54,101,5454,80,2047,45,0.000173294555537,4.52072753575e-05,0.00012808728018,0.000109027474924,0.000218818380744,2.00700218818,0.498255560401
108,DB00537-DB00682,22,Ciprofloxacin-Warfarin,DB00537,DB00682,Ciprofloxacin,Warfarin,27,170,288,5866,207,9.40909090909,4.4897671051,Anti-infectives,Coagulation modifiers,Major,The quinolone increases the anticoagulant effect,0.0705516872082,4712,890,0.00466893039049,0.0247191011236,9,13,90,117,91,159,119,67,7973,100,14469,140,0.000165760009644,6.78109130363e-05,9.79490966079e-05,0.000163541212386,0.000167331702922,1.02317758613,0.977347445402
47,DB00286-DB00635,22,Estrogens Conjugated-Prednisone,DB00286,DB00635,Estrogens Conj.,Prednisone,168,35,4966,585,427,19.4090909091,27.5916810978,Hormones,Hormones,Moderate,The estrogenic agent increases the effect of corticosteroid,0.200236862903,473,8567,0.046511627907,0.00256799346329,0,22,0,427,91,98,39,153,5967,88,8918,106,0.000165760009644,0.0,0.000165760009644,0.0,0.000283176728022,inf,0.0
143,DB00684-DB00695,21,Tobramycin-Furosemide,DB00684,DB00695,Tobramycin,Furosemide,23,148,249,5380,204,9.71428571429,6.34147346555,Topical Agents,Cardiovascular agents,Major,Increased ototoxicity,0.0771006208476,3259,3358,0.00644369438478,0.00625372245384,4,17,37,167,93,154,107,113,12091,126,14322,136,0.000158225463751,3.01381835717e-05,0.00012808728018,7.26849832825e-05,0.000218818380744,3.01050328228,0.332170373601
102,DB00477-DB00571,21,Chlorpromazine-Propranolol,DB00477,DB00571,Chlorpromazine,Propranolol,111,80,6090,2642,1974,94.0,115.950851657,CNS agents,Cardiovascular agents,Moderate,Increased effect of both drugs,0.330112401439,1075,2357,0.0195348837209,0.00890963088672,6,15,377,1597,93,46,68,102,6936,90,4278,64,0.000158225463751,4.52072753575e-05,0.000113018188394,0.000109027474924,0.000193075041833,1.77088428369,0.564689635121
141,DB00635-DB01174,19,Prednisone-Phenobarbital,DB00635,DB01174,Prednisone,Phenobarbital,54,104,1325,6179,501,26.3684210526,34.8205088455,Hormones,CNS agents,Moderate,The barbiturate decreases the effect of the corticosteroid,0.0727781278698,8567,754,0.00221781253648,0.025198938992,6,13,51,450,95,157,154,66,10164,110,14915,146,0.000143156371965,4.52072753575e-05,9.79490966079e-05,0.000109027474924,0.000167331702922,1.5347663792,0.651564963602
109,DB00537-DB01223,19,Ciprofloxacin-Aminophylline,DB00537,DB01223,Ciprofloxacin,Aminophylline,23,142,242,4666,185,9.73684210526,6.9108779412,Anti-infectives,Respiratory agents,Major,The quinolone increases the effect of theophylline,0.0689401621461,4712,686,0.00403225806452,0.0276967930029,7,12,94,91,95,160,128,61,7808,99,15200,149,0.000143156371965,5.27418212504e-05,9.0414550715e-05,0.000127198720744,0.000154460033466,1.21432065167,0.823505717885
9,DB00196-DB00682,18,Fluconazole-Warfarin,DB00196,DB00682,Fluconazole,Warfarin,34,161,1215,5348,598,33.2222222222,44.0221275317,Anti-infectives,Coagulation modifiers,Major,Increases the anticoagulant effect,0.132394875295,6605,890,0.00272520817562,0.0202247191011,8,10,144,454,97,135,148,75,11100,119,13095,134,0.000135621826073,6.02763671434e-05,7.53454589292e-05,0.000145369966565,0.000128716694555,0.885442141846,1.12937927024
112,DB00540-DB01001,17,Nortriptyline-Salbutamol,DB00540,DB01001,Nortriptyline,Salbutamol,57,62,3329,1901,850,50.0,47.6274605664,Psychotherapeutic agents,Respiratory agents,Moderate,The tricyclic increases the sympathomimetic effect,0.239660112238,605,4381,0.0280991735537,0.00388039260443,5,12,204,646,98,71,56,136,7616,97,6958,86,0.00012808728018,3.76727294646e-05,9.0414550715e-05,9.08562291031e-05,0.000154460033466,1.70004891234,0.588218369918
129,DB00571-DB01174,17,Propranolol-Phenobarbital,DB00571,DB01174,Propranolol,Phenobarbital,105,78,3655,4544,1824,107.294117647,84.6335960966,Cardiovascular agents,CNS agents,Moderate,The barbiturate decreases the effect of metabolized beta-blocker,0.261782080282,2357,754,0.00721255833687,0.0225464190981,7,10,900,924,98,63,103,70,7210,95,6174,80,0.00012808728018,5.27418212504e-05,7.53454589292e-05,0.000127198720744,0.000128716694555,1.0119338764,0.988206861462
156,DB00916-DB01356,16,Metronidazole-Lithium,DB00916,DB01356,Metronidazole,Lithium,23,100,316,5650,249,15.5625,21.3509367476,Anti-infectives,Psychotherapeutic agents,Moderate,Metronidazole increases the effect and toxicity of lithium,0.083690416733,5432,911,0.00294550810015,0.0175631174533,2,14,16,233,100,150,146,79,11534,123,15000,147,0.000120552734287,1.50690917858e-05,0.000105483642501,3.63424916412e-05,0.000180203372377,4.95847599434,0.201674869686
29,DB00252-DB00695,16,Phenytoin-Furosemide,DB00252,DB00695,Phenytoin,Furosemide,69,82,4136,3004,1512,94.5,82.7864723249,CNS agents,Cardiovascular agents,Minor,The hydantoin decreases the effect of furosemide,0.305869201968,536,3358,0.0298507462687,0.00476474091721,9,7,876,636,100,53,55,129,7095,94,5300,70,0.000120552734287,6.78109130363e-05,5.27418212504e-05,0.000163541212386,9.01016861887e-05,0.550941777148,1.81507382718
17,DB00207-DB00682,16,Azithromycin-Warfarin,DB00207,DB00682,Azithromycin,Warfarin,19,107,117,3847,98,6.125,3.0083217913,Anti-infectives,Coagulation modifiers,Moderate,Increases the anticoagulant effect,0.0721033992497,5834,890,0.00274254370929,0.0179775280899,6,10,31,67,100,158,147,77,11319,122,15800,152,0.000120552734287,4.52072753575e-05,7.53454589292e-05,0.000109027474924,0.000128716694555,1.18058952246,0.847034452682
104,DB00502-DB00571,16,Haloperidol-Propranolol,DB00502,DB00571,Haloperidol,Propranolol,47,74,2566,2585,737,46.0625,28.6855800011,Psychotherapeutic agents,Cardiovascular agents,Moderate,Increased effect of both drugs,0.238522161848,1049,2357,0.0152526215443,0.00678829019941,5,11,174,563,100,72,74,110,8140,101,7200,89,0.000120552734287,3.76727294646e-05,8.28800048221e-05,9.08562291031e-05,0.000141588364011,1.55837816965,0.641692767183
175,DB01136-DB01288,15,Carvedilol-Fenoterol,DB01136,DB01288,Carvedilol,Fenoterol,90,46,2863,926,306,20.4,16.689603265,Cardiovascular agents,Respiratory agents,*,Antagonism,0.126731947871,1144,4091,0.0131118881119,0.003666585187,9,6,207,99,104,136,78,139,10842,118,14144,135,0.000113018188394,6.78109130363e-05,4.52072753575e-05,0.000163541212386,7.72300167332e-05,0.472235808984,2.11758613171
44,DB00254-DB01060,14,Doxycycline-Amoxicillin,DB00254,DB01060,Doxycycline,Amoxicillin,18,23,396,198,70,5.0,3.01279323501,Anti-infectives,Anti-infectives,Moderate,Possible antagonism of action,0.205791358909,875,25369,0.016,0.000551854625724,8,6,42,28,105,93,73,173,12629,131,9765,110,0.000105483642501,6.02763671434e-05,4.52072753575e-05,0.000145369966565,7.72300167332e-05,0.531265285107,1.88229878374
144,DB00695-DB00798,14,Furosemide-Gentamicin,DB00695,DB00798,Furosemide,Gentamicin,107,23,3954,157,122,8.71428571429,7.28991475553,Cardiovascular agents,Anti-infectives,Major,Increased ototoxicity,0.122054305989,3358,312,0.00416914830256,0.0448717948718,7,7,49,73,105,137,125,42,5250,77,14385,138,0.000105483642501,5.27418212504e-05,5.27418212504e-05,0.000127198720744,9.01016861887e-05,0.708353713477,1.4117240878
2,DB00196-DB00252,14,Fluconazole-Phenytoin,DB00196,DB00252,Fluconazole,Phenytoin,22,75,1319,4571,877,62.6428571429,59.0170863693,Anti-infectives,CNS agents,Moderate,Increases the effect of hydantoin,0.231944875037,6605,536,0.00211960635882,0.0261194029851,5,9,281,596,105,78,156,65,10140,109,8190,101,0.000105483642501,3.76727294646e-05,6.78109130363e-05,9.08562291031e-05,0.0001158450251,1.27503668426,0.784291159891
28,DB00252-DB00682,14,Phenytoin-Warfarin,DB00252,DB00682,Phenytoin,Warfarin,67,77,3952,2716,1238,88.4285714286,70.924352209,CNS agents,Coagulation modifiers,Moderate,Increased hydantoin levels and risk of bleeding,0.230105299347,536,890,0.0261194029851,0.0157303370787,6,8,792,446,105,81,60,84,5040,73,8505,103,0.000105483642501,4.52072753575e-05,6.02763671434e-05,0.000109027474924,0.000102973355644,0.944471617969,1.05879306585
70,DB00367-DB00564,13,Levonorgestrel-Carbamazepine,DB00367,DB00564,Levonorgestrel,Carbamazepine,33,56,1406,3003,459,35.3076923077,25.8372619014,Hormones,CNS agents,Major,Carbamazepine decreases the contraceptive effect,0.138438797584,2151,2181,0.00604370060437,0.00596056854654,0,13,0,459,109,133,110,117,12870,133,14497,142,9.79490966079e-05,0.0,9.79490966079e-05,0.0,0.000167331702922,inf,0.0
124,DB00571-DB00968,13,Propranolol-Methyldopa,DB00571,DB00968,Propranolol,Methyldopa,89,63,2910,1935,1582,121.692307692,112.590248701,Cardiovascular agents,Cardiovascular agents,Major,Possible hypertensive crisis,0.562291205637,2357,362,0.00551548578702,0.0359116022099,1,12,62,1520,109,7,117,53,6201,89,763,22,9.79490966079e-05,7.53454589292e-06,9.0414550715e-05,1.81712458206e-05,0.000154460033466,8.50024456172,0.117643673984
120,DB00564-DB00977,13,Carbamazepine-Ethinyl Estradiol,DB00564,DB00977,Carbamazepine,Ethinyl Estradiol,56,32,3003,1375,459,35.3076923077,25.8372619014,CNS agents,Hormones,Major,This product might cause a slight decrease of contraceptive effect,0.138882976813,2181,2126,0.00596056854654,0.00611476952023,0,13,0,459,109,132,111,114,12654,132,14388,139,9.79490966079e-05,0.0,9.79490966079e-05,0.0,0.000167331702922,inf,0.0
74,DB00373-DB01016,13,Timolol-Glyburide,DB00373,DB01016,Timolol,Glyburide,31,130,924,4331,710,54.6153846154,59.0318254017,Cardiovascular agents,Metabolic agents,Moderate,The beta-blocker decreases the symptoms of hypoglycemia,0.194023491746,274,2481,0.0474452554745,0.00523982265216,5,8,293,417,109,103,37,124,4588,68,11227,119,9.79490966079e-05,3.76727294646e-05,6.02763671434e-05,9.08562291031e-05,0.000102973355644,1.13336594156,0.882327554877
178,DB01197-DB01356,12,Captopril-Lithium,DB01197,DB01356,Captopril,Lithium,48,67,1530,3772,862,71.8333333333,97.6625296466,Cardiovascular agents,Psychotherapeutic agents,Moderate,The ACE inhibitor increases serum levels of lithium,0.176387723088,1954,911,0.00614124872057,0.01317233809,4,8,432,430,113,109,109,90,9810,107,12317,127,9.0414550715e-05,3.01381835717e-05,6.02763671434e-05,7.26849832825e-05,0.000102973355644,1.41670742695,0.705862043902
95,DB00458-DB01288,11,Imipramine-Fenoterol,DB00458,DB01288,Imipramine,Fenoterol,76,20,4447,445,361,32.8181818182,63.3637407068,Psychotherapeutic agents,Respiratory agents,*,The tricyclic increases the sympathomimetic effect,0.0752133245847,1623,4091,0.0067775723968,0.00268882913713,1,10,27,334,114,155,105,148,15540,144,17670,157,8.28800048221e-05,7.53454589292e-06,7.53454589292e-05,1.81712458206e-05,0.000128716694555,7.08353713477,0.14117240878
88,DB00422-DB00564,11,Methylphenidate-Carbamazepine,DB00422,DB00564,Methylphenidate,Carbamazepine,33,39,905,2300,626,56.9090909091,46.0639871167,CNS agents,CNS agents,None,Carbamazepine could reduce the effect of methylphendiate,0.235134885353,1103,2181,0.00997280145059,0.00504355800092,10,1,597,29,114,75,89,126,11214,121,8550,104,8.28800048221e-05,7.53454589292e-05,7.53454589292e-06,0.000181712458206,1.28716694555e-05,0.0708353713477,14.117240878
172,DB01059-DB01223,11,Norfloxacin-Aminophylline,DB01059,DB01223,Norfloxacin,Aminophylline,14,98,237,3099,155,14.0909090909,20.530243766,Anti-infectives,Respiratory agents,Moderate,The quinolone increases the effect of theophylline,0.147274121429,5524,686,0.00199131064446,0.0160349854227,1,10,8,147,114,127,158,83,13114,135,14478,141,8.28800048221e-05,7.53454589292e-06,7.53454589292e-05,1.81712458206e-05,0.000128716694555,7.08353713477,0.14117240878
14,DB00199-DB00641,10,Erythromycin-Simvastatin,DB00199,DB00641,Erythromycin,Simvastatin,11,94,132,3245,113,11.3,4.44847039879,Anti-infectives,Metabolic agents,Major,The macrolide possibly increases the statin toxicity,0.0360715731052,608,20942,0.0164473684211,0.000477509311432,2,8,19,94,117,173,71,175,12425,129,20241,165,7.53454589292e-05,1.50690917858e-05,6.02763671434e-05,3.63424916412e-05,0.000102973355644,2.83341485391,0.352931021951
154,DB00860-DB01174,9,Prednisolone-Phenobarbital,DB00860,DB01174,Prednisolone,Phenobarbital,17,41,84,2350,61,6.77777777778,1.39443337756,Hormones,CNS agents,Moderate,The barbiturate decreases the effect of the corticosteroid,0.0339023819123,4747,754,0.00189593427428,0.0119363395225,4,5,29,32,118,174,159,96,15264,143,20532,167,6.78109130363e-05,3.01381835717e-05,3.76727294646e-05,7.26849832825e-05,6.43583472776e-05,0.885442141846,1.12937927024
0,DB00158-DB00252,9,Folic acid-Phenytoin,DB00158,DB00252,Folic acid,Phenytoin,23,43,855,2605,556,61.7777777778,45.510377327,Nutritional Products,CNS agents,Moderate,Folic acid decreases the levels of hydantoin,0.287889401334,2381,536,0.00377992440151,0.0167910447761,3,6,169,387,118,58,131,82,10742,117,6844,84,6.78109130363e-05,2.26036376788e-05,4.52072753575e-05,5.45137374618e-05,7.72300167332e-05,1.41670742695,0.705862043902
180,DB01233-DB01235,9,Metoclopramide-Levodopa,DB01233,DB01235,Metoclopramide,Levodopa,17,50,333,1956,140,15.5555555556,8.93184067132,Gastrointestinal agents,CNS agents,Moderate,Levodopa decreases the effect of metoclopramide,0.112196486231,13387,414,0.000672294016583,0.0217391304348,1,8,31,109,118,142,178,73,12994,134,16756,155,6.78109130363e-05,7.53454589292e-06,6.02763671434e-05,1.81712458206e-05,0.000102973355644,5.66682970781,0.176465510975
118,DB00564-DB00717,9,Carbamazepine-Norethisterone,DB00564,DB00717,Carbamazepine,Norethisterone,38,47,2157,1535,652,72.4444444444,127.73127173,CNS agents,Hormones,Major,This product may cause a slight decrease of contraceptive effect,0.289021037119,2181,1498,0.0041265474553,0.00600801068091,0,9,0,652,118,57,126,116,14616,141,6726,83,6.78109130363e-05,0.0,6.78109130363e-05,0.0,0.0001158450251,inf,0.0
73,DB00373-DB01001,9,Timolol-Salbutamol,DB00373,DB01001,Timolol,Salbutamol,41,46,1382,1523,463,51.4444444444,91.4359217036,Cardiovascular agents,Respiratory agents,Major,Antagonism,0.145884665598,274,4381,0.0328467153285,0.00205432549646,4,5,352,111,118,128,52,159,8268,103,15104,148,6.78109130363e-05,3.01381835717e-05,3.76727294646e-05,7.26849832825e-05,6.43583472776e-05,0.885442141846,1.12937927024
121,DB00564-DB01223,8,Carbamazepine-Aminophylline,DB00564,DB01223,Carbamazepine,Aminophylline,37,46,2182,1463,652,81.5,54.4347578037,CNS agents,Respiratory agents,Moderate,Increases or decreases the effect of theophylline,0.250770401078,2181,686,0.00366804218249,0.0116618075802,4,4,350,302,123,66,136,97,13192,136,8118,99,6.02763671434e-05,3.01381835717e-05,3.01381835717e-05,7.26849832825e-05,5.14866778221e-05,0.708353713477,1.4117240878
161,DB00968-DB01001,8,Methyldopa-Salbutamol,DB00968,DB01001,Methyldopa,Salbutamol,32,33,1000,1073,426,53.25,40.0526439291,Cardiovascular agents,Respiratory agents,Moderate,Increased arterial pressure,0.325404086967,362,4381,0.0220994475138,0.00182606710797,1,7,31,395,123,48,64,160,10240,111,5904,78,6.02763671434e-05,7.53454589292e-06,5.27418212504e-05,1.81712458206e-05,9.01016861887e-05,4.95847599434,0.201674869686
155,DB00916-DB01174,8,Metronidazole-Phenobarbital,DB00916,DB01174,Metronidazole,Phenobarbital,10,37,69,2070,45,5.625,2.38671920666,Anti-infectives,CNS agents,Moderate,The barbiturate decreases the effect of metronidazole,0.0413413551665,5432,754,0.00147275405007,0.0106100795756,3,5,15,30,123,172,170,99,16830,150,21156,170,6.02763671434e-05,2.26036376788e-05,3.76727294646e-05,5.45137374618e-05,6.43583472776e-05,1.18058952246,0.847034452682
66,DB00343-DB00564,8,Diltiazem-Carbamazepine,DB00343,DB00564,Diltiazem,Carbamazepine,48,36,1592,2147,538,67.25,36.4838516137,Cardiovascular agents,CNS agents,Major,Increases the effect of carbamazepine,0.215155689252,746,2181,0.0107238605898,0.00366804218249,4,4,213,325,123,89,87,138,12006,124,10947,115,6.02763671434e-05,3.01381835717e-05,3.01381835717e-05,7.26849832825e-05,5.14866778221e-05,0.708353713477,1.4117240878
23,DB00252-DB00440,7,Phenytoin-Trimethoprim,DB00252,DB00440,Phenytoin,Trimethoprim,35,16,1984,784,433,61.8571428571,97.0350942897,CNS agents,Anti-infectives,Moderate,Trimethoprim increases the effect of hydantoin,0.16155261766,536,3046,0.0130597014925,0.00229809586343,3,4,89,344,127,116,79,156,12324,127,14732,144,5.27418212504e-05,2.26036376788e-05,3.01381835717e-05,5.45137374618e-05,5.14866778221e-05,0.944471617969,1.05879306585
123,DB00571-DB00934,7,Propranolol-Maprotiline,DB00571,DB00934,Propranolol,Maprotiline,54,37,2050,2147,856,122.285714286,122.5121957,Cardiovascular agents,Psychotherapeutic agents,Minor,Propranolol increases the serum levels of cisapride,0.231158417192,2357,174,0.00296987696224,0.0402298850575,1,6,73,783,127,79,145,48,6960,91,10033,111,5.27418212504e-05,7.53454589292e-06,4.52072753575e-05,1.81712458206e-05,7.72300167332e-05,4.25012228086,0.235287347967
113,DB00540-DB01288,7,Nortriptyline-Fenoterol,DB00540,DB01288,Nortriptyline,Fenoterol,37,11,2114,232,175,25.0,15.3188337241,Psychotherapeutic agents,Respiratory agents,*,The tricyclic increases the sympathomimetic effect,0.105291775242,605,4091,0.0115702479339,0.00171107308726,2,5,68,107,127,143,83,161,13363,137,18161,159,5.27418212504e-05,1.50690917858e-05,3.76727294646e-05,3.63424916412e-05,6.43583472776e-05,1.77088428369,0.564689635121
163,DB00968-DB01288,7,Methyldopa-Fenoterol,DB00968,DB01288,Methyldopa,Fenoterol,50,9,1544,129,88,12.5714285714,8.14160391359,Cardiovascular agents,Respiratory agents,None,Increased arterial pressure,0.0946185784273,362,4091,0.0193370165746,0.00171107308726,1,6,6,82,127,145,69,161,11109,120,18415,162,5.27418212504e-05,7.53454589292e-06,4.52072753575e-05,1.81712458206e-05,7.72300167332e-05,4.25012228086,0.235287347967
46,DB00254-DB01592,7,Doxycycline-Iron (II) Sulfate,DB00254,DB01592,Doxycycline,Iron (II) Sulfate,9,14,94,590,79,11.2857142857,3.68394198807,Anti-infectives,Nutritional Products,Moderate,Formation of non-absorbable complexes,0.204122393713,875,5404,0.008,0.00129533678756,0,7,0,79,127,95,98,166,16268,146,12065,126,5.27418212504e-05,0.0,5.27418212504e-05,0.0,9.01016861887e-05,inf,0.0
1,DB00158-DB01174,5,Folic acid-Phenobarbital,DB00158,DB01174,Folic acid,Phenobarbital,18,31,728,1828,521,104.2,153.361338022,Nutritional Products,CNS agents,Moderate,Folic acid decreases the effect of anticonvulsant,0.213577604156,2381,754,0.00209995800084,0.00663129973475,1,4,375,146,132,90,157,111,17427,151,11880,124,3.76727294646e-05,7.53454589292e-06,3.01381835717e-05,1.81712458206e-05,5.14866778221e-05,2.83341485391,0.352931021951
36,DB00252-DB01118,5,Phenytoin-Amiodarone,DB00252,DB01118,Phenytoin,Amiodarone,20,24,1220,744,537,107.4,123.005284439,CNS agents,Cardiovascular agents,Moderate,Amiodarone increases the effect of hydantoin,0.346498011709,536,821,0.00932835820896,0.00609013398295,4,1,506,31,132,42,93,115,10695,116,5544,73,3.76727294646e-05,3.01381835717e-05,7.53454589292e-06,7.26849832825e-05,1.28716694555e-05,0.177088428369,5.64689635121
153,DB00860-DB00977,5,Prednisolone-Ethinyl Estradiol,DB00860,DB00977,Prednisolone,Ethinyl Estradiol,6,12,60,500,52,10.4,6.26897120746,Hormones,Hormones,Moderate,The estrogenic agent increases the effect of the corticosteroid,0.165311233778,4747,2126,0.00105329681904,0.00235183443086,0,5,0,52,132,112,175,155,27125,175,14784,145,3.76727294646e-05,0.0,3.76727294646e-05,0.0,6.43583472776e-05,inf,0.0
136,DB00603-DB01174,5,Medroxyprogesterone Acetate-Phenobarbital,DB00603,DB01174,Medroxyproges. Ac.,Phenobarbital,14,34,1185,1980,808,161.6,120.284246683,Hormones,CNS agents,Moderate,The enzyme inducer decreases the effect of hormones,0.307998024051,2044,754,0.00244618395303,0.00663129973475,0,5,0,808,132,52,149,111,16539,149,6864,85,3.76727294646e-05,0.0,3.76727294646e-05,0.0,6.43583472776e-05,inf,0.0
40,DB00254-DB00564,5,Doxycycline-Carbamazepine,DB00254,DB00564,Doxycycline,Carbamazepine,5,20,57,1034,46,9.2,4.08656334834,Anti-infectives,CNS agents,Moderate,The anticonvulsant decreases the effect of doxycycline,0.0874236081216,875,2181,0.00571428571429,0.00229252636405,1,4,8,38,132,149,113,157,17741,154,19668,163,3.76727294646e-05,7.53454589292e-06,3.01381835717e-05,1.81712458206e-05,5.14866778221e-05,2.83341485391,0.352931021951
76,DB00373-DB01120,5,Timolol-Gliclazide,DB00373,DB01120,Timolol,Gliclazide,10,27,345,877,170,34.0,26.3533679062,Cardiovascular agents,Metabolic agents,None,The beta-blocker decreases the symptoms of hypoglycemia,0.222394025088,274,1128,0.0182481751825,0.00443262411348,2,3,39,131,132,85,70,130,9100,106,11220,118,3.76727294646e-05,1.50690917858e-05,2.26036376788e-05,3.63424916412e-05,3.86150083666e-05,1.06253057021,0.941149391869
114,DB00550-DB00682,5,Propylthiouracil-Warfarin,DB00550,DB00682,Propylthiouracil,Warfarin,50,47,1576,1641,1103,220.6,207.092491414,Hormones,Coagulation modifiers,Moderate,The anti-thyroid agent causes variations in the anticoagulant effect,0.446161539401,144,890,0.0347222222222,0.00561797752809,2,3,407,696,132,27,49,121,5929,87,3564,61,3.76727294646e-05,1.50690917858e-05,2.26036376788e-05,3.63424916412e-05,3.86150083666e-05,1.06253057021,0.941149391869
130,DB00571-DB01223,5,Propranolol-Aminophylline,DB00571,DB01223,Propranolol,Aminophylline,17,37,625,1215,411,82.2,85.858604694,Cardiovascular agents,Respiratory agents,Major,Antagonism of action and increased effect of theophylline,0.546409317375,2357,686,0.00212134068731,0.00728862973761,2,3,274,137,132,9,155,105,16275,147,1188,35,3.76727294646e-05,1.50690917858e-05,2.26036376788e-05,3.63424916412e-05,3.86150083666e-05,1.06253057021,0.941149391869
71,DB00367-DB01174,4,Levonorgestrel-Phenobarbital,DB00367,DB01174,Levonorgestrel,Phenobarbital,23,10,666,538,162,40.5,28.7807806241,Hormones,CNS agents,Major,Phenobarbital decreases the effect of levonorgestrel,0.156604916555,2151,754,0.00185960018596,0.0053050397878,0,4,0,162,140,120,165,123,20295,159,16800,156,3.01381835717e-05,0.0,3.01381835717e-05,0.0,5.14866778221e-05,inf,0.0
56,DB00335-DB00661,4,Atenolol-Verapamil,DB00335,DB00661,Atenolol,Verapamil,32,13,992,403,287,71.75,60.7693727684,Cardiovascular agents,Cardiovascular agents,Major,Increased effect of both drugs,0.260573911003,7464,42,0.0005359056806,0.0952380952381,4,0,287,0,140,64,179,23,4117,62,8960,107,3.01381835717e-05,3.01381835717e-05,0.0,7.26849832825e-05,0.0,0.0,inf
48,DB00286-DB00860,4,Estrogens Conjugated-Prednisolone,DB00286,DB00860,Estrogens Conj.,Prednisolone,17,4,548,39,39,9.75,2.5,Hormones,Hormones,Moderate,The estrogenic agent increases the effect of corticosteroid,0.140885282364,473,4747,0.00845665961945,0.000842637455235,0,4,0,39,140,129,96,170,16320,148,18060,158,3.01381835717e-05,0.0,3.01381835717e-05,0.0,5.14866778221e-05,inf,0.0
42,DB00254-DB00766,4,Doxycycline-Clavulanate,DB00254,DB00766,Doxycycline,Clavulanate,4,7,122,67,15,3.75,2.62995563968,Anti-infectives,Anti-infectives,None,Possible antagonism of action,0.139245407103,875,6628,0.00457142857143,0.00060350030175,2,2,3,12,140,131,121,172,20812,161,18340,161,3.01381835717e-05,1.50690917858e-05,1.50690917858e-05,3.63424916412e-05,2.57433389111e-05,0.708353713477,1.4117240878
176,DB01174-DB01223,4,Phenobarbital-Aminophylline,DB01174,DB01223,Phenobarbital,Aminophylline,14,25,830,824,247,61.75,43.7369028015,CNS agents,Respiratory agents,Moderate,The barbiturate decreases the effect of theophylline,0.171809178632,754,686,0.0053050397878,0.00583090379009,3,1,213,34,140,111,118,119,14042,138,15540,150,3.01381835717e-05,2.26036376788e-05,7.53454589292e-06,5.45137374618e-05,1.28716694555e-05,0.236117904492,4.23517226341
34,DB00252-DB00860,3,Phenytoin-Prednisolone,DB00252,DB00860,Phenytoin,Prednisolone,17,6,1031,38,28,9.33333333333,4.16333199893,CNS agents,Hormones,Moderate,The enzyme inducer decreases the effect of the corticosteroid,0.104655171446,536,4747,0.00559701492537,0.000631978091426,2,1,14,14,145,144,114,171,19494,156,20880,168,2.26036376788e-05,1.50690917858e-05,7.53454589292e-06,3.63424916412e-05,1.28716694555e-05,0.354176856738,2.82344817561
179,DB01223-DB01356,3,Aminophylline-Lithium,DB01223,DB01356,Aminophylline,Lithium,9,21,292,928,174,58.0,56.3205113613,Respiratory agents,Psychotherapeutic agents,Moderate,Theophylline decreases serum levels of lithium,0.148054645645,686,911,0.00437317784257,0.0032930845225,1,2,10,164,145,126,124,142,17608,153,18270,160,2.26036376788e-05,7.53454589292e-06,1.50690917858e-05,1.81712458206e-05,2.57433389111e-05,1.41670742695,0.705862043902
82,DB00390-DB00661,3,Digoxin-Verapamil,DB00390,DB00661,Digoxin,Verapamil,8,27,312,863,119,39.6666666667,18.5831464864,Cardiovascular agents,Cardiovascular agents,Moderate,Verapamil increases the effect of digoxin,0.118149496717,648,42,0.00462962962963,0.0714285714286,0,3,0,119,145,139,120,28,3360,58,20155,164,2.26036376788e-05,0.0,2.26036376788e-05,0.0,3.86150083666e-05,inf,0.0
162,DB00968-DB01235,3,Methyldopa-Levodopa,DB00968,DB01235,Methyldopa,Levodopa,15,7,430,227,120,40.0,57.2974694031,Cardiovascular agents,CNS agents,Minor,Methyldopa increases the effect and toxicity of levodopa,0.434386433999,362,414,0.00828729281768,0.00724637681159,0,3,0,120,145,29,97,106,10282,112,4205,63,2.26036376788e-05,0.0,2.26036376788e-05,0.0,3.86150083666e-05,inf,0.0
37,DB00252-DB01223,3,Phenytoin-Aminophylline,DB00252,DB01223,Phenytoin,Aminophylline,9,6,554,163,70,23.3333333333,13.2790561914,CNS agents,Respiratory agents,Moderate,Decreased effect of both products,0.116810141091,536,686,0.00559701492537,0.00437317784257,1,2,31,39,145,141,114,131,14934,142,20445,166,2.26036376788e-05,7.53454589292e-06,1.50690917858e-05,1.81712458206e-05,2.57433389111e-05,1.41670742695,0.705862043902
39,DB00252-DB01235,3,Phenytoin-Levodopa,DB00252,DB01235,Phenytoin,Levodopa,14,33,748,1132,556,185.333333333,97.7667291737,CNS agents,CNS agents,Moderate,The hydantoin decreases the effect of levodopa,0.432115750932,536,414,0.00559701492537,0.00724637681159,3,0,556,0,145,30,114,106,12084,125,4350,65,2.26036376788e-05,2.26036376788e-05,0.0,5.45137374618e-05,0.0,0.0,inf
41,DB00254-DB00682,3,Doxycycline-Warfarin,DB00254,DB00682,Doxycycline,Warfarin,3,26,47,941,32,10.6666666667,9.29157324318,Anti-infectives,Coagulation modifiers,Moderate,The tetracycline increases the anticoagulant effect,0.234674013251,875,890,0.00342857142857,0.00337078651685,1,2,8,24,145,76,139,140,19460,155,11020,117,2.26036376788e-05,7.53454589292e-06,1.50690917858e-05,1.81712458206e-05,2.57433389111e-05,1.41670742695,0.705862043902
148,DB00741-DB01174,3,Hydrocortisone-Phenobarbital,DB00741,DB01174,Hydrocortisone,Phenobarbital,3,19,6,1164,6,2.0,0.0,Hormones,CNS agents,Moderate,The barbiturate decreases the effect of the corticosteroid,0.00564578573091,1239,754,0.00242130750605,0.00397877984085,1,2,2,4,145,180,150,133,19950,157,26100,173,2.26036376788e-05,7.53454589292e-06,1.50690917858e-05,1.81712458206e-05,2.57433389111e-05,1.41670742695,0.705862043902
135,DB00603-DB00682,3,Medroxyprogesterone Acetate-Warfarin,DB00603,DB00682,Medroxyproges. Ac.,Warfarin,14,6,851,206,135,45.0,42.7551166529,Hormones,Coagulation modifiers,None,The agent increases the effect of anticoagulant,0.217131933274,2044,890,0.00146771037182,0.00337078651685,0,3,0,135,145,88,171,140,23940,169,12760,131,2.26036376788e-05,0.0,2.26036376788e-05,0.0,3.86150083666e-05,inf,0.0
166,DB00977-DB01174,3,Ethinyl Estradiol-Phenobarbital,DB00977,DB01174,Ethinyl Estradiol,Phenobarbital,22,9,664,477,160,53.3333333333,15.9478316185,Hormones,CNS agents,Major,This product may cause a slight decrease of contraceptive effect,0.197877593658,2126,754,0.00141110065851,0.00397877984085,0,3,0,160,145,100,172,133,22876,168,14500,143,2.26036376788e-05,0.0,2.26036376788e-05,0.0,3.86150083666e-05,inf,0.0
167,DB00977-DB01223,3,Ethinyl Estradiol-Aminophylline,DB00977,DB01223,Ethinyl Estradiol,Aminophylline,32,20,929,642,409,136.333333333,116.898816646,Hormones,Respiratory agents,Moderate,The contraceptive increases the effect and toxicity of theophylline,0.319309147236,2126,686,0.00141110065851,0.00437317784257,0,3,0,409,145,49,172,131,22532,166,7105,87,2.26036376788e-05,0.0,2.26036376788e-05,0.0,3.86150083666e-05,inf,0.0
49,DB00286-DB01174,3,Estrogens Conjugated-Phenobarbital,DB00286,DB01174,Estrogens Conj.,Phenobarbital,22,19,640,1155,292,97.3333333333,94.3627751464,Hormones,CNS agents,Moderate,The enzyme inducer decreases the effect of hormones,0.183282191206,473,754,0.00634249471459,0.00397877984085,0,3,0,292,145,108,108,133,14364,139,15660,151,2.26036376788e-05,0.0,2.26036376788e-05,0.0,3.86150083666e-05,inf,0.0
30,DB00252-DB00717,2,Phenytoin-Norethisterone,DB00252,DB00717,Phenytoin,Norethisterone,5,10,305,311,125,62.5,53.033008589,CNS agents,Hormones,Major,This product may cause a slight decrease of contraceptive effect,0.235397296832,536,1498,0.00373134328358,0.00133511348465,0,2,0,125,157,73,132,165,21780,163,11461,120,1.50690917858e-05,0.0,1.50690917858e-05,0.0,2.57433389111e-05,inf,0.0
122,DB00571-DB00661,2,Propranolol-Verapamil,DB00571,DB00661,Propranolol,Verapamil,15,10,484,310,204,102.0,110.308657865,Cardiovascular agents,Cardiovascular agents,Major,Increased effect of both drugs,0.416781540306,2357,42,0.000848536274926,0.047619047619,1,1,180,24,157,36,177,40,7080,93,5652,74,1.50690917858e-05,7.53454589292e-06,7.53454589292e-06,1.81712458206e-05,1.28716694555e-05,0.708353713477,1.4117240878
26,DB00252-DB00603,2,Phenytoin-Medroxyprogesterone Acetate,DB00252,DB00603,Phenytoin,Medroxyproges. Ac.,17,7,1019,637,577,288.5,212.839141137,CNS agents,Hormones,Moderate,The enzyme inducer decreases the effect of the hormones,0.530978955616,536,2044,0.00373134328358,0.000978473581213,0,2,0,577,157,11,132,169,22308,164,1727,43,1.50690917858e-05,0.0,1.50690917858e-05,0.0,2.57433389111e-05,inf,0.0
31,DB00252-DB00741,2,Phenytoin-Hydrocortisone,DB00252,DB00741,Phenytoin,Hydrocortisone,10,2,610,4,4,2.0,0.0,CNS agents,Hormones,Moderate,The enzyme inducer decreases the effect of the corticosteroid,0.0182149362477,536,1239,0.00373134328358,0.00161420500404,1,1,2,2,157,179,132,163,21516,162,28103,178,1.50690917858e-05,7.53454589292e-06,7.53454589292e-06,1.81712458206e-05,1.28716694555e-05,0.708353713477,1.4117240878
78,DB00373-DB01288,2,Timolol-Fenoterol,DB00373,DB01288,Timolol,Fenoterol,6,2,177,4,4,2.0,0.0,Cardiovascular agents,Respiratory agents,*,Antagonism,0.0269324406573,274,4091,0.00729927007299,0.000488878024933,0,2,0,4,157,176,101,174,17574,152,27632,175,1.50690917858e-05,0.0,1.50690917858e-05,0.0,2.57433389111e-05,inf,0.0
81,DB00390-DB00550,2,Digoxin-Propylthiouracil,DB00390,DB00550,Digoxin,Propylthiouracil,14,30,722,1068,548,274.0,217.788888605,Cardiovascular agents,Hormones,Moderate,The antithyroid agent increases the effect of digoxin,0.416183904166,648,144,0.00308641975309,0.0138888888889,1,1,428,120,157,37,143,87,12441,130,5809,76,1.50690917858e-05,7.53454589292e-06,7.53454589292e-06,1.81712458206e-05,1.28716694555e-05,0.708353713477,1.4117240878
151,DB00783-DB01174,2,Estradiol-Phenobarbital,DB00783,DB01174,Estradiol,Phenobarbital,19,7,586,427,158,79.0,29.6984848098,Hormones,CNS agents,Moderate,The enzyme inducer decreases the effect of hormones,0.196684136263,847,754,0.00236127508855,0.0026525198939,0,2,0,158,157,101,151,149,22499,165,15857,153,1.50690917858e-05,0.0,1.50690917858e-05,0.0,2.57433389111e-05,inf,0.0
150,DB00783-DB00860,2,Estradiol-Prednisolone,DB00783,DB00860,Estradiol,Prednisolone,11,2,339,14,11,5.5,0.707106781187,Hormones,Hormones,Moderate,The estrogenic agent increases the effect of corticosteroid,0.058865248227,847,4747,0.00236127508855,0.000421318727617,0,2,0,11,157,163,151,179,27029,174,25591,172,1.50690917858e-05,0.0,1.50690917858e-05,0.0,2.57433389111e-05,inf,0.0
146,DB00717-DB01174,2,Norethisterone-Phenobarbital,DB00717,DB01174,Norethisterone,Phenobarbital,19,7,586,427,158,79.0,29.6984848098,Hormones,CNS agents,Major,This product may cause a slight decrease of contraceptive effect,0.196684136263,1498,754,0.00133511348465,0.0026525198939,0,2,0,158,157,101,174,149,25926,172,15857,153,1.50690917858e-05,0.0,1.50690917858e-05,0.0,2.57433389111e-05,inf,0.0
45,DB00254-DB01174,2,Doxycycline-Phenobarbital,DB00254,DB01174,Doxycycline,Phenobarbital,2,13,46,663,46,23.0,11.313708499,Anti-infectives,CNS agents,Moderate,The anticonvulsant decreases the effect of doxycycline,0.0814243515004,875,754,0.00228571428571,0.0026525198939,0,2,0,46,157,152,153,149,22797,167,23864,171,1.50690917858e-05,0.0,1.50690917858e-05,0.0,2.57433389111e-05,inf,0.0
77,DB00373-DB01223,2,Timolol-Aminophylline,DB00373,DB01223,Timolol,Aminophylline,3,13,113,423,62,31.0,0.0,Cardiovascular agents,Respiratory agents,Major,Antagonism of action and increased effect of theophylline,0.134837028337,274,686,0.00729927007299,0.00291545189504,0,2,0,62,157,134,101,143,14443,140,21038,169,1.50690917858e-05,0.0,1.50690917858e-05,0.0,2.57433389111e-05,inf,0.0
32,DB00252-DB00783,2,Phenytoin-Estradiol,DB00252,DB00783,Phenytoin,Estradiol,5,10,305,311,125,62.5,53.033008589,CNS agents,Hormones,Moderate,The enzyme inducer decreases the effect of the hormones,0.235397296832,536,847,0.00373134328358,0.00236127508855,0,2,0,125,157,73,132,154,20328,160,11461,120,1.50690917858e-05,0.0,1.50690917858e-05,0.0,2.57433389111e-05,inf,0.0
12,DB00199-DB00472,1,Erythromycin-Fluoxetine,DB00199,DB00472,Erythromycin,Fluoxetine,1,6,9,342,9,9.0,,Anti-infectives,Psychotherapeutic agents,Moderate,Possible serotoninergic syndrome with this combination,0.0263157894737,608,13686,0.00164473684211,7.30673681134e-05,0,1,0,9,169,177,166,181,30046,181,29913,179,7.53454589292e-06,0.0,7.53454589292e-06,0.0,1.28716694555e-05,inf,0.0
15,DB00199-DB00829,1,Erythromycin-Diazepam,DB00199,DB00829,Erythromycin,Diazepam,2,1,32,2,2,2.0,,Anti-infectives,CNS agents,Moderate,The macrolide increases the effect of the benzodiazepine,0.0625,608,3199,0.00164473684211,0.000312597686777,0,1,0,2,169,162,166,180,29880,180,27378,174,7.53454589292e-06,0.0,7.53454589292e-06,0.0,1.28716694555e-05,inf,0.0
13,DB00199-DB00564,1,Erythromycin-Carbamazepine,DB00199,DB00564,Erythromycin,Carbamazepine,1,2,6,127,6,6.0,,Anti-infectives,CNS agents,Major,The macrolide increases the effect of carbamazepine,0.0472440944882,608,2181,0.00164473684211,0.000458505272811,1,0,6,0,169,166,166,178,29548,179,28054,177,7.53454589292e-06,7.53454589292e-06,0.0,1.81712458206e-05,0.0,0.0,inf
16,DB00199-DB01223,1,Erythromycin-Aminophylline,DB00199,DB01223,Erythromycin,Aminophylline,1,6,8,186,4,4.0,,Anti-infectives,Respiratory agents,Moderate,The macrolide increases the effect and toxicity of theophylline,0.0210526315789,608,686,0.00164473684211,0.00145772594752,0,1,0,4,169,178,166,164,27224,176,30082,180,7.53454589292e-06,0.0,7.53454589292e-06,0.0,1.28716694555e-05,inf,0.0
72,DB00373-DB00968,1,Timolol-Methyldopa,DB00373,DB00968,Timolol,Methyldopa,1,1,31,31,12,12.0,,Cardiovascular agents,Cardiovascular agents,Major,Possible hypertensive crisis,0.24,274,362,0.0036496350365,0.00276243093923,0,1,0,12,169,70,137,146,20002,158,11830,123,7.53454589292e-06,0.0,7.53454589292e-06,0.0,1.28716694555e-05,inf,0.0
19,DB00252-DB00286,1,Phenytoin-Estrogens Conjugated,DB00252,DB00286,Phenytoin,Estrogens Conj.,8,1,498,29,29,29.0,,CNS agents,Hormones,Moderate,The enzyme inducer decreases the effect of the hormones,0.0582329317269,536,473,0.00186567164179,0.00211416490486,0,1,0,29,169,164,160,158,25280,170,27716,176,7.53454589292e-06,0.0,7.53454589292e-06,0.0,1.28716694555e-05,inf,0.0
21,DB00252-DB00359,1,Phenytoin-Sulfadiazine,DB00252,DB00359,Phenytoin,Sulfadiazine,1,1,61,31,31,31.0,,CNS agents,Anti-infectives,Moderate,The sulfonamide increases the effect of hydantoin,0.508196721311,536,18,0.00186567164179,0.0555555555556,1,0,31,0,169,13,160,33,5280,78,2197,47,7.53454589292e-06,7.53454589292e-06,0.0,1.81712458206e-05,0.0,0.0,inf
22,DB00252-DB00367,1,Phenytoin-Levonorgestrel,DB00252,DB00367,Phenytoin,Levonorgestrel,7,7,347,199,179,179.0,,CNS agents,Hormones,Major,Phenytoin decreases the contraceptive effect,0.487738419619,536,2151,0.00186567164179,0.00046490004649,0,1,0,179,169,18,160,177,28320,178,3042,56,7.53454589292e-06,0.0,7.53454589292e-06,0.0,1.28716694555e-05,inf,0.0
106,DB00502-DB00968,1,Haloperidol-Methyldopa,DB00502,DB00968,Haloperidol,Methyldopa,3,10,203,310,117,117.0,,Psychotherapeutic agents,Cardiovascular agents,Moderate,Methyldopa increases haloperidol effect or risk of psychosis,0.295454545455,1049,362,0.00095328884652,0.00276243093923,0,1,0,117,169,55,176,146,25696,171,9295,108,7.53454589292e-06,0.0,7.53454589292e-06,0.0,1.28716694555e-05,inf,0.0
35,DB00252-DB00977,1,Phenytoin-Ethinyl Estradiol,DB00252,DB00977,Phenytoin,Ethinyl Estradiol,7,7,347,199,179,179.0,,CNS agents,Hormones,Major,This product may cause a slight decrease of contraceptive effect,0.487738419619,536,2126,0.00186567164179,0.000470366886171,0,1,0,179,169,18,160,176,28160,177,3042,56,7.53454589292e-06,0.0,7.53454589292e-06,0.0,1.28716694555e-05,inf,0.0
57,DB00335-DB00668,1,Atenolol-Epinephrine,DB00335,DB00668,Atenolol,Epinephrine,17,1,540,2,2,2.0,,Cardiovascular agents,Respiratory agents,Moderate,"Hypertension, then bradycardia",0.0037037037037,7464,17,0.00013397642015,0.0588235294118,0,1,0,2,169,181,181,31,5611,81,30589,181,7.53454589292e-06,0.0,7.53454589292e-06,0.0,1.28716694555e-05,inf,0.0
18,DB00252-DB00254,1,Phenytoin-Doxycycline,DB00252,DB00254,Phenytoin,Doxycycline,1,1,61,15,15,15.0,,CNS agents,Anti-infectives,Moderate,The anticonvulsant decreases the effect of doxycycline,0.245901639344,536,875,0.00186567164179,0.00114285714286,0,1,0,15,169,69,160,167,26720,173,11661,122,7.53454589292e-06,0.0,7.53454589292e-06,0.0,1.28716694555e-05,inf,0.0
116,DB00564-DB00661,1,Carbamazepine-Verapamil,DB00564,DB00661,Carbamazepine,Verapamil,5,7,305,217,124,124.0,,CNS agents,Cardiovascular agents,Major,Verapamil increases the effect of carbamazepine,0.311557788945,2181,42,0.000458505272811,0.0238095238095,1,0,124,0,169,51,180,69,12420,128,8619,105,7.53454589292e-06,7.53454589292e-06,0.0,1.81712458206e-05,0.0,0.0,inf
